company_id,company_name
1000,Oracle
1001,eBay
1002,Amazon
1003,Apple
1004,Microsoft
1005,Salesforce
1006,Facebook
1007,Uber
1008,Oath
1009,Google
1010,Netflix
1011,Pinterest
1012,Linkedin
1013,Adobe
1014,LinkedIn
1015,amazon
1016,Symantec
1017,Intel Corporation
1018,Intel
1019,Lyft
1020,Sony
1021,Yelp
1022,Airbnb
1023,EPAM
1024,SAP
1025,VMWare
1026,Twitter
1027,Slack
1028,Tableau Software
1029,Cisco
1030,Mixpanel
1031,Zynga
1032,MICROSOFT
1033,Dropbox
1034,IBM
1035,Shutterstock
1036,Walmart Labs
1037,linkedin
1038,facebook
1039,microsoft
1040,Twilio
1041,Qualcomm
1042,Intercom
1043,Tesla
1044,Expedia
1045,GE Digital
1046,CA Technologies
1047,Yahoo
1048,Starbucks
1049,Toyota Research Institute
1050,Activision
1051,PlayStation
1052,Squarespace
1053,Intuit
1054,Blackbaud
1055,Citadel
1056,Bloomberg
1057,ThoughtWorks
1058,Yandex
1059,AWS
1060,vmware
1061,Capital One
1062,Nike
1063,Mckinsey & Company
1064,Workday
1065,Capital Group
1066,Liberty Mutual
1067,Splunk
1068,Mutual of Omaha
1069,Zendesk
1070,samsung
1071,Autodesk
1072,Samsung
1073,Credit Karma
1074,Dell Technologies
1075,Peloton
1076,Proofpoint
1077,Northwestern Mutual
1078,Box
1079,SmartThings
1080,ebay
1081,BOOKING.COM
1082,Akamai
1083,Amazon web services
1084,Hulu
1085,VMware
1086,PayPal
1087,capital one
1088,Atlassian
1089,GrubHub
1090,Homeaway
1091,WeWork
1092,Sony Interactive Entertainment
1093,Roku
1094,Cloudera
1095,QUALCOMM
1096,GE
1097,Cisco Systems
1098,Indeed
1099,Shopify
1100,Accenture
1101,Realtor.com
1102,Nvidia
1103,Groupon
1104,Two Sigma
1105,Snap
1106,Square
1107,Nutanix
1108,Honeywell
1109,Spotify
1110,Zillow
1111,The Climate Corporation
1112,GoDaddy
1113,twitter
1114,Siemens
1115,Verizon
1116,Electronic Arts
1117,Equinix
1118,Reddit
1119,LendingClub
1120,MobileIron
1121,apple
1122,T-Mobile
1123,Goldman Sachs
1124,Cruise
1125,Booz Allen Hamilton
1126,Qualtrics
1127,google
1128,USAA
1129,Mic
1130,akamai
1131,Epam
1132,UiPath
1133,Marqeta
1134,Danaher
1135,Luxoft
1136,Qualcomm Inc
1137,Northrop Grumman
1138,Mi
1139,qualcomm
1140,UBER
1141,National Instruments
1142,Shutterfly
1143,Canonical
1144,Wells Fargo
1145,Epic Systems
1146,Mitre
1147,Blizzard Entertainment
1148,Bank of America
1149,KAYAK
1150,Lumen
1151,Deloitte
1152,Capgemini
1153,Kroger
1154,Cornerstone OnDemand
1155,CDK Global
1156,Fitbit
1157,Guidewire
1158,JPMorgan Chase
1159,Cambia Health Solutions
1160,Sap Concur
1161,Postmates
1162,Hitachi
1163,intel
1164,Baidu
1165,Anaplan
1166,Alibaba
1167,Udemy
1168,Evernote
1169,Flipkart
1170,Coupa Software
1171,Bank of America Merrill Lynch
1172,Grab
1173,NetApp
1174,Esri
1175,Grubhub
1176,Barclays
1177,
1178,Wayfair
1179,Ibm
1180,Texas Instruments
1181,Boeing
1182,TripAdvisor
1183,Ernst and young
1184,Veritas Technologies
1185,Zillow Group
1186,Ebay
1187,Target
1188,mi
1189,Pure Storage
1190,TUNE
1191,pagerduty
1192,salesforce
1193,ADP
1194,Comcast
1195,Citrix Systems Inc
1196,Booking.com
1197,Perspecta
1198,Redfin
1199,F5 networks
1200,Foursquare
1201,American Express
1202,Quantcast
1203,TELUS
1204,AT&T
1205,SiriusXM
1206,Rubrik
1207,Viasat
1208,Tune
1209,Seagate
1210,Palo Alto Networks
1211,CVS health
1212,Johnson and Johnson
1213,Delphix
1214,OYO
1215,ca technologies
1216,Stryker
1217,broadcom
1218,Ama
1219,Arista Networks
1220,Amadeus
1221,Zscaler
1222,Godaddy
1223,NVIDIA
1224,Docker
1225,NerdWallet
1226,Red Hat
1227,Surveymonkey
1228,zoom
1229,Visa Inc
1230,Avanade
1231,Flexport
1232,Rally Health
1233,Pluralsight
1234,HP
1235,Palantir
1236,Cognizant
1237,Applovin
1238,zendesk
1239,General Motors
1240,Cimpress
1241,ARUBA
1242,Ubisoft
1243,Ticketmaster
1244,Freshworks
1245,Constant Contact
1246,OpenText
1247,Arm
1248,Etsy
1249,Stripe
1250,DigitalOcean
1251,Nokia
1252,Mozilla
1253,NICE
1254,Skyscanner
1255,GitHub
1256,Citi
1257,T. Rowe Price
1258,Synechron
1259,Other
1260,Qualcomm inc
1261,Alarm.com
1262,Thoughtworks
1263,Myntra
1264,Tanium
1265,Zocdoc
1266,Move
1267,Patreon
1268,ServiceNow
1269,Juniper Networks
1270,Coinbase
1271,Coupang
1272,Sandia National Labs
1273,VISA
1274,Visa
1275,HPE
1276,Amplitude
1277,Align Technology
1278,Ancestry
1279,Unity Technologies
1280,investcloud
1281,SAS
1282,Feedzai
1283,SAIC
1284,top hat
1285,Affirm
1286,Cadence
1287,Walmart
1288,EPAM Systems
1289,Morgan Stanley
1290,Datadog
1291,Maxim Integrated
1292,The New York Times Company
1293,Disney
1294,Okta
1295,HomeAway
1296,ibm
1297,Twitch
1298,roku
1299,quora
1300,Broadcom
1301,Startup
1302,Infor
1303,Quora
1304,Samsara
1305,Mailchimp
1306,Chewy
1307,Travelers
1308,Under Armour
1309,Cox Automotive
1310,Compass
1311,Magic Leap
1312,Cloudflare
1313,KPIT
1314,Collins Aerospace
1315,Chan Zuckerberg Initiative
1316,SquareSpace
1317,BOeing
1318,SurveyMonkey
1319,Nubank
1320,Slalom
1321,ASML
1322,sony interactive entertainment
1323,amzon
1324,Asurion
1325,realtor.com
1326,Hewlett Packard Enterprise
1327,Nextdoor
1328,Pandora
1329,Freddie Mac
1330,DocuSign
1331,HERE Technologies
1332,SpaceX
1333,oracle
1334,FactSet
1335,Riot Games
1336,Medallia
1337,Keysight
1338,Applied Materials
1339,Rover
1340,Avalara
1341,Amzon
1342,S&P GLOBAL
1343,Medium
1344,Xero
1345,Intuitive Surgical
1346,Toast
1347,UBS
1348,The Walt Disney Company
1349,EY
1350,Axon
1351,airbnb
1352,The Home Depot
1353,Synopsys
1354,yelp
1355,Alteryx
1356,houzz
1357,Mathworks
1358,BlackRock
1359,SoFi
1360,McKinsey & Company
1361,Ocado Technology
1362,Western Digital
1363,American airlines
1364,Ripple
1365,zynga
1366,Mellanox
1367,Careem
1368,Micron Technology
1369,LiveRamp
1370,Bazaarvoice
1371,Babylon Health
1372,Opendoor
1373,EBAY
1374,KPMG
1375,Athenahealth
1376,OpenTable
1377,Arista
1378,zillow
1379,Zulily
1380,Addepar
1381,NXP
1382,APPLE
1383,RetailMeNot
1384,AMAZON
1385,Booking
1386,Genpact
1387,Ford
1388,Medtronic
1389,Adyen
1390,Aruba Networks
1391,NIO
1392,paypal
1393,TriNet
1394,Samsung Research America
1395,SolarWinds
1396,servicenow
1397,Gusto
1398,Publicis Sapient
1399,Vistaprint
1400,MongoDB
1401,Vimeo
1402,Tripadvisor
1403,Hubspot
1404,HubSpot
1405,23andMe
1406,Petuum
1407,Procore
1408,Just Eat
1409,Bukalapak
1410,Zebra Technologies
1411,cisco systems
1412,Expedia Group
1413,athenahealth
1414,Priceline
1415,Argo AI
1416,WP Engine
1417,Nuance
1418,World Wide Technology
1419,Pivotal
1420,Nuro
1421,Xilinx
1422,Audible
1423,Neustar
1424,Coursera
1425,Algolia
1426,Siriusxm
1427,ANSYS
1428,Cvent
1429,PTC
1430,MathWorks
1431,Fractal Analytics
1432,Virtu Financial
1433,AMD
1434,DoorDash
1435,Schlumberger
1436,Gojek
1437,BCG Digital Ventures
1438,Dolby Laboratories
1439,Chegg
1440,illumina
1441,Commvault
1442,Snapchat
1443,Blackrock
1444,arista
1445,yahoo
1446,palo alto networks
1447,OfferUp
1448,Saic
1449,beyond limits
1450,ActionIQ
1451,Waymo
1452,Bluecore
1453,cloudera
1454,Deliveroo
1455,Nordstrom
1456,Charles Schwab
1457,8x8
1458,MixPanel
1459,Lucid Software
1460,Fujitsu
1461,Mobileiron
1462,Cerner
1463,Juniper
1464,New Relic
1465,Juniper networks
1466,Thumbtack
1467,Paypal
1468,JCPenney
1469,Red Ventures
1470,AppDirect
1471,Segment
1472,Sysdig
1473,Aptiv
1474,uber
1475,Liberty mutual
1476,FICO
1477,McAfee
1478,Teradata
1479,HBO
1480,Unisys
1481,Micron technology
1482,CGI
1483,Lendingclub
1484,Databricks
1485,Cummins
1486,Meijer
1487,Bird
1488,IQVIA
1489,Convoy
1490,Instacart
1491,Novetta
1492,Akamai Technologies
1493,Credit karma
1494,Ellie Mae
1495,NTT Data
1496,Sprinklr
1497,Rackspace
1498,Lockheed Martin
1499,State Farm
1500,Metromile
1501,postmates
1502,Micron
1503,mailchimp
1504,ARM
1505,Dell
1506,NORTHROP GRUMMAN
1507,ExxonMobil
1508,Ansys
1509,Informatica
1510,General mills
1511,General Atomics
1512,Marvell
1513,ICF
1514,Fannie Mae
1515,Ford Motor Company
1516,Cadence design systems
1517,Wolters Kluwer
1518,Kaiser Permanente
1519,Discover
1520,MassMutual
1521,Experian
1522,General Electric
1523,Shopee
1524,Snowflake
1525,Panasonic Avionics
1526,Huawei
1527,Palo Alto networks
1528,Leidos
1529,Infosys
1530,Raytheon
1531,KLA
1532,NCR
1533,Cadence Design Systems
1534,Elastic
1535,wework
1536,Course Hero
1537,Microchip
1538,Silicon Labs
1539,Liberty Mutual Insurance
1540,Ericsson
1541,TrueCar
1542,Wipro
1543,Traveloka
1544,Icims
1545,Jane Street Capital
1546,Amdocs
1547,Rakuten
1548,Nerdwallet
1549,Walmart labs
1550,F5 Networks
1551,Ge digital
1552,Clever
1553,kroger
1554,Procter & Gamble
1555,Netskope
1556,Zenefits
1557,Eventbrite
1558,tencent
1559,SAP Concur
1560,CrowdStrike
1561,Western DIgital
1562,AppFolio
1563,Moody's Analytics
1564,smartsheet
1565,Costco
1566,Betterment
1567,PwC
1568,Sift
1569,CISCO
1570,Servicenow
1571,talend
1572,Better.com
1573,Mindtree
1574,Cornerstone onDemand
1575,veeva systems
1576,Amazon Web Services
1577,Khoros
1578,Buildium
1579,Cisco Meraki
1580,Tinder
1581,Charter Communications
1582,samsara
1583,Epic Games
1584,Zoox
1585,Blackstone
1586,CIBC
1587,MSFT
1588,Acorns
1589,Costar Group
1590,Criteo
1591,FanDuel
1592,Ge aviation
1593,indeed
1594,Geico
1595,MasterCard
1596,Ernst & Young
1597,Genentech
1598,Nice
1599,loanDepot
1600,Smartsheet
1601,Robinhood
1602,Optiver
1603,HCL Technologies
1604,Globant
1605,Docusign
1606,Factset
1607,Cigna
1608,Chevron
1609,Mentor Graphics
1610,homeadvisor
1611,mapbox
1612,snapchat
1613,nvidia
1614,Synaptics
1615,AthenaHealth
1616,MITRE
1617,Roblox
1618,The Trade Desk
1619,Mitchell International
1620,Sumo Logic
1621,Endava
1622,Everquote
1623,Kohl's
1624,intuit
1625,Relativity
1626,Hashicorp
1627,Amazon.com
1628,Epam Systems
1629,CACI
1630,Yext
1631,IGT
1632,Nintendo
1633,Travelport
1634,Keeptruckin
1635,discover
1636,Integral Ad Science
1637,HashiCorp
1638,Trimble
1639,Appian
1640,wells fargo
1641,Cyngn
1642,Oscar Health
1643,Bosch
1644,Abbott
1645,hpe
1646,Sage
1647,Bose
1648,Vrbo
1649,Genesys
1650,fuboTV
1651,On Semiconductor
1652,discovery
1653,2U
1654,Blink Health
1655,Optimizely
1656,raytheon
1657,Hootsuite
1658,Barracuda Networks
1659,Jet Propulsion Laboratory
1660,JP Morgan Chase
1661,Puppet
1662,Samsung Electronics America
1663,John Hancock
1664,Best Buy
1665,Cohesity
1666,target
1667,Stitch Fix
1668,Tenable
1669,ActiveCampaign
1670,Razorpay
1671,LeanTaaS
1672,American express
1673,Manulife
1674,CoverMyMeds
1675,Domo
1676,Dish
1677,InVision
1678,sap
1679,Granular
1680,Degreed
1681,Ultimate Software
1682,Gartner
1683,Carta
1684,Swiggy
1685,H-E-B
1686,philips
1687,Drift.com
1688,Andela
1689,Mapbox
1690,american airlines
1691,Nielsen
1692,Fifth Third Bank
1693,WePay
1694,Olo
1695,JP morgan
1696,Elsevier
1697,Principal Financial Group
1698,Interactive Brokers
1699,grab
1700,Fast Enterprises
1701,Dassault Systemes
1702,Xandr
1703,intuitive surgical
1704,Aruba
1705,wayfair
1706,Tata Consultancy Services
1707,Veeva Systems
1708,Willis Towers Watson
1709,Capital one
1710,ixl learning
1711,Scale AI
1712,Infosys Ltd
1713,ManTech International
1714,L3Harris
1715,TomTom
1716,Costco Wholesale
1717,BNY Mellon
1718,Costco wholesale
1719,Automattic
1720,Equifax
1721,BAE Systems
1722,Latch
1723,cisco
1724,Carvana
1725,PNC
1726,Fidelity Investments
1727,Vanguard
1728,Fiserv
1729,Brex
1730,Wealthsimple
1731,Aetna
1732,tesla
1733,Overstock
1734,Dialpad
1735,HP Inc
1736,Scotiabank
1737,Enova International
1738,AMazon
1739,Ciena
1740,Aruba networks
1741,Deutsche Bank
1742,Tencent
1743,SONY
1744,StartUp
1745,Perficient
1746,PayTm
1747,Clearbanc
1748,Confluent
1749,Bloomberg LP
1750,Iterable
1751,Duolingo
1752,Fortinet
1753,AppDynamics
1754,CircleCI
1755,SoftServe
1756,Cognizant Technology Solutions
1757,Analog Devices
1758,Asana
1759,prudential financial
1760,Here Technologies
1761,Appfolio
1762,Fanduel
1763,Plaid
1764,LEIDOS
1765,Blue Origin
1766,BrowserStack
1767,GoCardless
1768,Clearwater Analytics
1769,Mastercard
1770,PhonePe
1771,Clover Health
1772,Natera
1773,Synchrony
1774,Refinitiv
1775,Checkr
1776,American family insurance
1777,Messagebird
1778,gojek
1779,Upstart
1780,Cadence Design systems
1781,Irobot
1782,Sophos
1783,Discover Financial Services
1784,alibaba
1785,Parsons
1786,Wise
1787,Podium
1788,Quicken Loans
1789,JP Morgan
1790,Niantic
1791,Liveramp
1792,DraftKings
1793,Avaya
1794,Hsbc
1795,Red hat
1796,Quantumblack
1797,sony
1798,Optum
1799,Oscar
1800,commvault
1801,Societe Generale
1802,Humana
1803,Tempus
1804,Rapid7
1805,Blackhawk Network
1806,RBC
1807,IHS Markit
1808,Disney Streaming Services
1809,atlassian
1810,LogMeIn
1811,Dexcom
1812,Vonage
1813,Contentful
1814,nxp semiconductors
1815,Susquehanna International Group
1816,Lumentum
1817,Trend Micro
1818,Cockroach Labs
1819,Tesco
1820,ING
1821,Klarna
1822,TCS
1823,LivePerson
1824,Jump Trading
1825,Hudson River Trading
1826,CBS Interactive
1827,Sabre
1828,Flatiron Health
1829,Ibotta
1830,proofpoint
1831,Internet Brands
1832,leidos
1833,Auth0
1834,Aws
1835,Sprout Social
1836,Anonymous
1837,Thomson Reuters
1838,Zoominfo
1839,Commscope
1840,Zeta
1841,Improbable
1842,Robert Half
1843,Thermo Fisher Scientific
1844,Johnson Controls
1845,idemia
1846,3m
1847,3M
1848,cgi
1849,Agoda
1850,Morningstar
1851,The home depot
1852,brex
1853,Cargurus
1854,Crowdstrike
1855,ThoughtSpot
1856,Mendix
1857,Opentext
1858,Amobee
1859,Zalando
1860,Glassdoor
1861,Jane Street
1862,TSMC
1863,Doordash
1864,Sberbank
1865,Couchbase
1866,fastly
1867,McKinsey
1868,logmein
1869,Truecar
1870,McKesson
1871,Upwork
1872,SAS Institute
1873,E*Trade
1874,Webflow
1875,Tinkoff
1876,Garmin
1877,CoStar Group
1878,Chick-fil-A
1879,Deutsche bank
1880,CBRE
1881,Motorola Solutions
1882,Western digital
1883,Pariveda Solutions
1884,IXL Learning
1885,HSBC
1886,bosch
1887,GE Healthcare
1888,Two sigma
1889,Turbonomic
1890,PagerDuty
1891,Idemia
1892,NBCUniversal
1893,Capsule
1894,Nxp
1895,Sonos
1896,State Street
1897,Schneider Electric
1898,Paytm
1899,Thought Machine
1900,Squarepoint Capital
1901,GOLDMAN SACHS
1902,Grid Dynamics
1903,Fis
1904,Globallogic
1905,Publicis sapient
1906,pandora
1907,Mphasis
1908,Root Insurance
1909,Fedex
1910,GitLab
1911,HelloFresh
1912,Lenovo
1913,Acquia
1914,goldman sachs
1915,Weave
1916,One Medical
1917,Ally
1918,adidas
1919,Fireeye
1920,Swisscom
1921,Adidas
1922,Farfetch
1923,Mckesson
1924,Tradeweb
1925,Zoho
1926,Stack Overflow
1927,Fastly
1928,Delta Air Lines
1929,Mediaocean
1930,ServiceTitan
1931,Weedmaps
1932,NortonLifeLock
1933,Rent the Runway
1934,Pegasystems
1935,Wix
1936,GENERAL ATOMICS
1937,EBay
1938,google llc
1939,JPMorgan
1940,John Deere
1941,Pagerduty
1942,OPPO
1943,swiggy
1944,Turo
1945,Kayak
1946,Bolt (EU)
1947,Houzz
1948,Change.org
1949,MUFG
1950,National instruments
1951,Dish Network
1952,SmartSheet
1953,Applied materials
1954,Appdynamics
1955,Wepay
1956,TaskRabbit
1957,microstrategy
1958,Discovery
1959,Coupa
1960,Xing
1961,iHeartRadio
1962,Thoughtspot
1963,fico
1964,Button
1965,Liveperson
1966,XILINX
1967,BCG
1968,synopsys
1969,Swiss Re
1970,SoundCloud
1971,Ernst and Young
1972,Conduent
1973,CommScope
1974,CiSco
1975,Gigamon
1976,Motorola
1977,Credit Suisse
1978,Cisco systems
1979,GEICO
1980,Bain
1981,twitch
1982,Apple Inc.
1983,vrbo
1984,Here
1985,Wealthfront
1986,Unilever
1987,Ivanti
1988,Panasonic
1989,SAMSUNG
1990,DXC Technology
1991,netskope
1992,ByteDance
1993,Macy's
1994,LEK
1995,XPO Logistics
1996,Nuance Communications
1997,Apptio
1998,Juul Labs
1999,Fanatics
2000,iRobot
2001,IDEMIA
2002,globalfoundries
2003,American Family Insurance
2004,Vmware
2005,GOJEK
2006,CBS interactive
2007,Freddie mac
2008,World wide technology
2009,Rappi
2010,magic leap
2011,barracuda networks
2012,keeptruckin
2013,Figma
2014,Guidewire Software
2015,Philips
2016,Comscore
2017,Revolut
2018,Citibank
2019,FIS
2020,zoox
2021,Wish
2022,Raytheon Technologies
2023,Blend
2024,TIAA
2025,Intersystems
2026,Autonomic
2027,WarnerMedia
2028,RingCentral
2029,epsilon
2030,argo ai
2031,DTCC
2032,SYNOPSYS
2033,Charles schwab
2034,Loom
2035,Microstrategy
2036,Better Mortgage
2037,CIsco
2038,cibc
2039,Loandepot
2040,Deloitte Consulting
2041,iCIMS
2042,walmart labs
2043,Lucid Motors
2044,Mail.Ru Group
2045,Allstate
2046,Excella
2047,Sonder
2048,StubHub
2049,Oliver Wyman
2050,PlayVS
2051,Chime
2052,Telus
2053,Numerator
2054,Mcafee
2055,Juniper Square
2056,panasonic
2057,CIena
2058,IHeartRadio
2059,Circle
2060,Logitech
2061,Allianz
2062,Pearson
2063,shopee
2064,Ciklum
2065,Glu Mobile
2066,UnitedHealth Group
2067,Intuitive
2068,AppLovin
2069,AIG
2070,CME Group
2071,ON Semiconductor
2072,Lowes
2073,RBS
2074,Remitly
2075,Cabify
2076,cloudflare
2077,Tower Research Capital
2078,C3.ai
2079,Mail.ru Group
2080,Bayer
2081,AT Kearney
2082,Paylocity
2083,Doximity
2084,GSK
2085,ultimate software
2086,visa
2087,iManage
2088,Dish network
2089,Iheartradio
2090,Bolt
2091,Deloitte Consulting LLP
2092,united airlines
2093,Strategy by PwC
2094,Southwest Airlines
2095,Cirrus Logic
2096,Verint
2097,Pure storage
2098,american express
2099,workday
2100,United Airlines
2101,Bill.com
2102,virtusa
2103,StockX
2104,Monzo
2105,Willis towers watson
2106,zillow group
2107,Google LLC
2108,nuance communications
2109,Carmax
2110,ZS Associates
2111,ZipRecruiter
2112,Micro Focus
2113,Teksystems
2114,Glu mobile
2115,cohesity
2116,Poshmark
2117,Boston Consulting Group
2118,Cornerstone Ondemand
2119,CSG
2120,STChealth
2121,Staples
2122,Goldman sachs
2123,Dream11
2124,coupang
2125,TD Bank
2126,Bain & Company
2127,Chase
2128,Grofers
2129,Albertsons
2130,lockheed martin
2131,mastercard
2132,McDonald's
2133,axon
2134,cvs health
2135,Mediatek
2136,liberty mutual
2137,Silicon Valley Bank
2138,Rally health
2139,Visa inc
2140,EY-parthenon
2141,Sephora
2142,Tiaa
2143,juniper
2144,Codecademy
2145,Delivery Hero
2146,Ford Motor
2147,capgemini
2148,DISH
2149,Bytedance
2150,Quest Diagnostics
2151,Daimler
2152,NASDAQ
2153,Netapp
2154,7-Eleven
2155,ticketmaster
2156,Qualia
2157,Scribd
2158,cerner
2159,InMobi
2160,General Mills
2161,verizon
2162,Rippling
2163,Continental
2164,Workiva
2165,Wework
2166,Tokopedia
2167,Postman
2168,cognizant technology solutions
2169,Alaska Airlines
2170,Blue Yonder
2171,PepsiCo
2172,JUUL Labs
2173,Buzzfeed
2174,Cure.fit
2175,Phonepe
2176,chewy
2177,IMC
2178,Fannie mae
2179,verkada
2180,Lowe's
2181,Virtusa
2182,Shell
2183,Bigcommerce
2184,T-mobile
2185,Paycom
2186,Global Payments
2187,CVS Health
2188,Rivian
2189,Fetch Rewards
2190,Lam Research
2191,Mercer
2192,Gojek Tech
2193,Glovo
2194,Dow Jones
2195,Playstation
2196,ViacomCBS
2197,Roche
2198,BuzzFeed
2199,Bandwidth
2200,Collective Health
2201,N26
2202,The D. E. Shaw Group
2203,Gemini
2204,Nasdaq
2205,Johnson & Johnson
2206,MessageBird
2207,Zoom
2208,Prudential Financial
2209,Policygenius
2210,MicroStrategy
2211,Arcesium
2212,Hyperscience
2213,Akuna Capital
2214,Hopper
2215,InterSystems
2216,Arrival
2217,Makemytrip
2218,Kpmg
2219,Wipro Limited
2220,TEKsystems
2221,Bloomberg lp
2222,Maxar Technologies
2223,Bosch Global
2224,Verisign
2225,Bny Mellon
2226,Loblaw Digital
2227,Verily Life Sciences
2228,Samsung research America
2229,Toyota USA
2230,The Hartford
2231,Klaviyo
2232,iHerb
2233,Snapdocs
2234,Global payments
2235,STCHealth
2236,Merck
2237,Msft
2238,Moody's
2239,LTI
2240,apptio
2241,GlobalLogic
2242,KeepTruckin
2243,QUEST DIAGNOSTICS
2244,Stash
2245,Kajabi
2246,HomeAdvisor
2247,NextEra Analytics
2248,lyft
2249,Epsilon
2250,SquarePoint capital
2251,Nextera Analytics
2252,Afterpay
2253,ZS
2254,nokia
2255,metlife
2256,bytedance
2257,vizio
2258,EY-Parthenon
2259,Asus
2260,Deloitte Advisory
2261,American Airlines
2262,FireEye
2263,startup
2264,TransUnion
2265,chase
2266,nutanix
2267,wish
2268,Kraken
2269,seagate
2270,BNP Paribas
2271,G-Research
2272,S&P Global
2273,Oyo
2274,arm
2275,Altran
2276,Volkswagen
2277,Tyler Technologies
2278,Stubhub
2279,Csg
2280,DataRobot
2281,Ping Identity
2282,Activecampaign
2283,Guardant health
2284,Guardant Health
2285,HERE
2286,Bumble
2287,applied materials
2288,LogmeIn
2289,Guidehouse
2290,SAS institute
2291,Ola
2292,Boston consulting group
2293,Shipt
2294,Talend
2295,Metlife
2296,Gap
2297,HP inc
2298,Ubs
2299,Credit suisse
2300,Microsoft Corporation
2301,JPMORGAN
2302,Sisense
2303,Airbus
2304,microsoft corporation
2305,CapTech
2306,Airtable
2307,Jio
2308,pwc
2309,Point72
2310,Browserstack
2311,Bank Of America
2312,citi
2313,League
2314,Tipalti
2315,NTT DATA
2316,ORACLE
2317,Airtel India
2318,ZS associates
2319,micron
2320,Sap
2321,instacart
2322,bcg
2323,Workhuman
2324,DataArt
2325,warby parker
2326,Deliverr
2327,Intercontinental Exchange
2328,infinera
2329,TikTok
2330,Test
2331,FTI Consulting
2332,Mckinsey
2333,amgen
2334,synaptics
2335,auth0
2336,GlobalFoundries
2337,Nxp semiconductors
2338,fortinet
2339,MarketAxess
2340,DISH Network
2341,walmart
2342,Headspace
2343,LendingTree
2344,The Voleon Group
2345,Motional
2346,UKG
2347,SCHNEIDER ELECTRIC
2348,Illumina
2349,Bank of america
2350,Tiktok
2351,analog devices
2352,deloitte
2353,Edwards Lifesciences
2354,ABB
2355,DoubleVerify
2356,MIcrosoft
2357,Verkada
2358,zoominfo
2359,BazaarVoice
2360,Moody's analytics
2361,cadence design systems
2362,GOogle
2363,Earnest
2364,Adevinta
2365,Truckstop.com
2366,Aurora
2367,Ge
2368,fiserv
2369,Logmein
2370,Verizon Media
2371,Quest diagnostics
2372,Faire
2373,SPS Commerce
2374,jp morgan
2375,schlumberger
2376,canva
2377,tripadvisor
2378,Attentive
2379,coupa
2380,Xendit
2381,Discord
2382,Transunion
2383,Â Google
2384,HackerRank
2385,Grammarly
2386,national instruments
2387,Exxonmobil
2388,ASUS
2389,Spectrum
2390,FullStory
2391,Johnson
2392,Office Depot
2393,CarGurus
2394,Zomato
2395,Ironclad
2396,coupa software
2397,EverQuote
2398,Moveworks
2399,VIZIO
2400,Alphasights
2401,Ringcentral
2402,BLOOMBERG LP
2403,kpmg
2404,Intel corporation
2405,U.S. Bank
2406,Supermicro
2407,ubs
2408,MediaTek
2409,shutterstock
2410,yandex
2411,Rent The Runway
2412,stubhub
2413,Veritas technologies
2414,Amd
2415,c3.ai
2416,Alation
2417,american family insurance
2418,media.net
2419,Deutsche Telekom
2420,edX
2421,Cgi group
2422,IRobot
2423,Tekion
2424,dexcom
2425,EquipmentShare
2426,Red ventures
2427,QuantumBlack
2428,Tcs
2429,Cirrus logic
2430,BlackBerry
2431,Clari
2432,Carrier
2433,Gitlab
2434,INTEL corporation
2435,Manhattan Associates
2436,Doctolib
2437,ocado technology
2438,blend
2439,Canva
2440,trinet
2441,Dynatrace
2442,L3Harris Technologies
2443,Mutual Of Omaha
2444,udaan.com
2445,FLEXE
2446,JPmorgan Chase
2447,zapier
2448,Fullstory
2449,keysight
2450,Anduril Industries
2451,Wattpad
2452,Kla
2453,VolksWagen
2454,E*TRADE
2455,Bankers Healthcare Group
2456,Jp Morgan
2457,tipalti
2458,Five Rings
2459,Amgen
2460,General Dynamics Mission Systems
2461,Starling Bank
2462,SailPoint
2463,bank of america
2464,Collins aerospace
2465,Centene
2466,TuSimple
2467,FedEx
2468,Illumio
2469,10x Genomics
2470,CloudKitchens
2471,adobe
2472,AlphaSights
2473,Korn Ferry
2474,Teladoc Health
2475,Cure.Fit
2476,Top Hat
2477,test
2478,citadel
2479,Quantiphi
2480,liveperson
2481,mphasis
2482,Motorola solutions
2483,Virtu financial
2484,Udaan.com
2485,SS&C Technologies
2486,DiDi
2487,Zapier
2488,chevron
2489,Match
2490,Nylas
2491,OneTrust
2492,VERISIGN
2493,DRW
2494,CGI Group
2495,Cognizant Technology solutions
2496,Procore Technologies
2497,First Republic bank
2498,SAS Software
2499,Wells fargo
2500,Massmutual
2501,Blackline
2502,Deloitte consulting
2503,Clear Street
2504,comcast
2505,foursquare
2506,SingleStore
2507,lenovo
2508,CACI International
2509,Egen Solutions
2510,HP INC
2511,wipro
2512,capsule
2513,Indigo
2514,TATA Consultancy Services
2515,Beyond Limits
2516,Bridgewater Associates
2517,RentPath
2518,MakeMyTrip
2519,First Republic Bank
2520,Jp morgan chase
2521,couchbase
2522,GE Aviation
2523,amplitude
2524,Zappos
2525,Cox Enterprises
2526,HCA Healthcare
2527,GE HEALTHCARE
2528,Hellofresh
2529,DoctoLib
2530,Jpmorgan
2531,tcs
2532,Instabase
2533,lowes
2534,Benchling
2535,Infoblox
2536,Rescale
2537,Renesas Electronics
2538,Soroco
2539,intel corporation
2540,ZoomInfo
2541,General Dynamics Information Technology
2542,XING
2543,InvestCloud
2544,Trinet
2545,TOAST
2546,truckstop.com
2547,other
2548,Constant contact
2549,GE healthcare
2550,Retailmenot
2551,Media.net
2552,Sofi
2553,ge healthcare
2554,goPuff
2555,Microchip Technology
2556,Astrazeneca
2557,CISCO SYSTEMS
2558,Warnermedia
2559,Pnc
2560,Hp Inc
2561,Blackberry
2562,PWC
2563,Taskrabbit
2564,On semiconductor
2565,NASA JPL
2566,TIBCO Software
2567,airbus
2568,policygenius
2569,Cambia health solutions
2570,Meesho
2571,BlockFi
2572,NXP Semiconductors
2573,ResMed
2574,Thought machine
2575,TD bank
2576,Pwc
2577,Warby Parker
2578,agoda
2579,WHOOP
2580,BigCommerce
2581,Ceridian
2582,DREAM11
2583,Servicetitan
2584,roche
2585,bandwidth
2586,hitachi
2587,chegg
2588,Infinera
2589,MURAL
2590,BlackLine
2591,CarMax
2592,liberty mutual insurance
2593,altran
2594,box
2595,mcafee
2596,Ubiquiti
2597,Vizio
2598,7-eleven
2599,Cloudkitchens
2600,Care.com
2601,Gopuff
2602,realtek
2603,"Macy's,"
2604,oppo
2605,opentext
2606,Align technology
2607,taskrabbit
2608,rapid7
2609,DAZN Group
2610,Inmobi
2611,siemens
2612,Doubleverify
2613,AstraZeneca
2614,MetLife
2615,Mural
2616,MAXAR Technologies
2617,PDT Partners
2618,peloton
2619,Realtek
2620,Synology
2621,Appier
2622,Tsmc
2623,Pegatron
2624,GE digital
2625,Coupa software
2626,MailChimp
2627,veritas technologies
2628,macy's
2629,VmWare
2630,SalesForce
2631,tableau software
