levels_id,company_name
100,L3
101,SE 2
102,L7
103,M1
104,60
105,63
106,65
107,62
108,59
109,9
110,Sde 2
111,L6
112,L5
113,E3
114,5a
115,L4
116,64
117,IC4
118,67
119,Ict3
120,T6
121,Senior Software Engineer
122,ICT2
123,ICT3
124,Senior
125,66
126,69
127,Senior Software Engineer 2 (5b)
128,Senior Member of Technical Staff
129,IC2
130,Lead MTS
131,E4
132,Software Engineer
133,5
134,SDE 3
135,Director
136,Staff
137,ICT5
138,ICT - 5
139,L8
140,Senior Principal
141,ICT4
142,E6
143,Senior Software Engineer I
144,E5
145,G6
146,61
147,T3
148,T5
149,L2
150,Product Manager
151,Software Engineer 3
152,New Grad
153,T2
154,T4PF
155,6
156,4
157,MTS 3
158,Software engineer
159,T7
160,G03
161,LMTS
162,IC3
163,SDE II
164,L2 (new grad)
165,Staff Engineer II
166,Ic5
167,Software Engineer(SWE)
168,MTS1
169,7
170,Non-senior
171,IC5
172,Research Scientist
173,27
174,L7 Principal
175,senior
176,New Grad (ICT2)
177,e6
178,Grade 11
179,Staff Engineer
180,Senior (P3)
181,SDE II (61)
182,MTS 1
183,Senior SDE
184,Swe2
185,Senior staff
186,Principal Software Engineer
187,Senior Engineer O
188,T4
189,Sr
190,Data Scientist Manager
191,IC-4
192,ICT 3
193,2
194,L5 / SDE2
195,SDEII
196,L6 - SDE3 - Senior Engineer
197,IC6
198,SE1
199,Senior Product Manager
200,MTS
201,Senior Director - I Band
202,Mid
203,Principal engineer
204,Staff (Grade 8)
205,ICT 2
206,L66
207,16
208,Sr MTS
209,SDE III (L6)
210,SE2
211,Senior manager
212,Grade 7
213,SWE 2
214,ICT-4
215,Senior Software Engineer P4
216,L60
217,P4
218,Senior Engineer
219,Senior SW QA
220,Senior Developer
221,l7
222,Principal software engineer
223,Group Product Manager
224,SDE 2 / 61
225,L20
226,G8
227,MTS 2
228,"Mid-grade (of Jr, Mid, Sr)"
229,M3
230,Senior Staff Engineer
231,P2
232,11
233,10
234,Grade 10
235,Engineer
236,SDE 2
237,Principal
238,Senior PM
239,P3
240,Associate Offering Manager (Band 6)
241,Senior SWE
242,26
243,Band 6
244,Product Owner
245,SE 3
246,G18
247,18
248,G16
249,Senior MTS
250,L62
251,Staff Software Engineer
252,L10
253,14
254,M2
255,L1
256,Software Engineer 4
257,senior associate
258,Graduate Software Developer
259,SWE II
260,P5
261,Band 8
262,Sr Staff
263,II
264,68
265,G14
266,E2
267,Grade 8
268,8
269,G15
270,STSM
271,STAFF ENGINEER
272,L63
273,Principal MTS
274,Ic3
275,MTS(member of technical staff)
276,Distinguished Engineer
277,SWE 1
278,Senior Manager
279,Grade 6
280,Senior Associate
281,3
282,Lead Software Engineer
283,L6 PM
284,Group PM
285,L59
286,Ict4
287,Grade 12
288,Band 4
289,P4 Senior
290,Software Engineering Manager
291,Master software engineer
292,C E40
293,Senior Software Engineer II
294,Software Engineer II
295,SDE 4
296,Senior Staff
297,SWE III
298,Technical Leader 2
299,Software Engineer 2
300,SWE 3
301,Senior Software Eng
302,M6
303,Associate Engineer
304,IC-5
305,32
306,SDE I
307,Analyst
308,Principal Associate
309,Product Engineer 3
310,Associate Software Eng
311,L
312,Grade 3
313,Associate Senior Data Scientist
314,SDE
315,L4.5
316,L6 SDM
317,Amts
318,Staff SWE
319,Principal Engineer
320,Senior Principal Engineer
321,L61
322,l5
323,Software Engineer III
324,E7
325,Principal Software Engineering Manager
326,SDE III
327,senior software engineer II
328,Architect
329,L4 Product Manager
330,senior software engineer
331,Senior Program Manager
332,Junior
333,Staff engineer
334,Vp
335,Software Engineering Specialist
336,L5 SDM
337,Band 7
338,Program manager
339,Staff PM
340,Principal Product Manager
341,Software Engineer (SWE)
342,Grade 9
343,staff engineer
344,User experience designer
345,senior engineer
346,L7 Product Manager
347,P1
348,L5A
349,L5b
350,5b
351,Engineering Manager
352,Staff Product Manager
353,
354,App Sys Engineer 1
355,Level 3
356,Mid Level
357,Band 5
358,Senior Lead Software
359,Application Development Manager
360,Solution Analyst
361,Sr engineering manager
362,Software Engineer 10
363,Developer
364,Developer 5
365,Entry
366,Associate
367,PM 2
368,1
369,Senior Product Manger III
370,O4
371,Sr. Engineering Manager
372,Manager
373,P6
374,Idk
375,Lead Engg
376,Senior Technical Director
377,Lead Infra Engg
378,Vic
379,Computer Scientist I
380,MTS II
381,Only one level across Netflix
382,Principal Engineer Manager
383,Staff Engineer 1
384,Assistant Vice-President
385,Senior Director
386,VP
387,Associate Product Manager 1
388,l4
389,Senior SDM
390,L5 Product Manager
391,Senior SE 1
392,12
393,Senior Squad Step
394,Staff Engineer 2
395,l2
396,M5
397,Associate Software Engineer
398,AMTS
399,Sr staff
400,T28
401,Lead SWE
402,Lead
403,Grade 5
404,Senior product manager
405,Principal PM
406,Principal SWE
407,Product Manager II
408,M
409,Associate MTS
410,Technical Leader 1
411,Senior Designer
412,MTS4
413,Sr. MTS
414,Software Engineer IV
415,Senior Principal SWE
416,Software Engineer 1
417,L64
418,M10
419,SMTS
420,sde2
421,VP-H
422,Sr. Director
423,EM30
424,E1
425,Level 5
426,Associate Member of Technical Staff
427,H
428,Vice President
429,SDE 1
430,PM L2
431,Band 30
432,Core
433,Sr Software Engineer
434,Intermediate
435,Technology Development Program
436,F
437,IC-3
438,E3A
439,Senior Software Developer
440,Software Eng
441,Sr Advisor
442,Fellow 1
443,O5
444,Sde1
445,PE3
446,Normal
447,Director of Software Eng
448,Software Engineer I
449,icb6-master
450,Band 9
451,Senior Engineering Manager
452,SDE1
453,Sr Engineering Manager
454,Hardware engineer
455,TDP
456,Software Development Manager
457,Senior PM 1
458,G17
459,ML
460,III
461,Executive Director
462,Senior vice president
463,Senior II
464,l1
465,Manager (level 7)
466,Senior Principal Software Engineer
467,Data Science Manager
468,Sr Product Manager
469,Master Software Eng
470,SE4
471,T27
472,Enterprise Technology Analyst
473,zen2
474,SE II
475,PR1
476,L9
477,m3
478,603
479,Staff Software Engineer (IC4)
480,Group Manager
481,MTS III
482,Senior Staff SWE
483,Engineering Manager II
484,Executive Director / Vice-President
485,Expert
486,Forward Deployed Engineer
487,APM1
488,Lead Consultant
489,Assistant vice president
490,Consulting MTS
491,Technical Director
492,PM 1
493,EM
494,IC1
495,Senior Consultant
496,senior staff
497,I
498,Grab 3
499,Manager 2
500,Level 4
501,Principal SDE
502,L66 Principal PM Manager
503,Data Engineer
504,Group Product Manager (GPM)
505,SWE Staff
506,"Senior Director, Development"
507,Managing Director
508,d4
509,New graduate
510,"Eng 2, Software Dev & Engineering"
511,M4
512,TDM2
513,4`
514,Member
515,ZEN2
516,EM2
517,Band 8 backend engineer
518,Senior software engineer
519,I5
520,Java Developer II
521,Senior UX Designer
522,R5
523,Advisory Engineer
524,T24
525,IC-6
526,L6 Product Manager
527,L5a
528,Rotational Product Manager (RPM)
529,Senior II Lead
530,Member of Technical Staff 1
531,Advisory
532,UX Designer
533,sr director
534,Mid level
535,Consultant
536,lmts
537,Designer III
538,0
539,UX Designer II
540,UX Designer III
541,L3 New Grad
542,Engineer I
543,Member of Technical Staff
544,Distinguished Software Engineer
545,Senior Staff Software Engineer
546,Senior Product Designer
547,Sr Director
548,-
549,Product Manager 2
550,G12
551,Sr Engineer (3)
552,software senior engineer
553,Member of the Technical Staff
554,Data Scientist 1
555,T25
556,L4/E3/SDE
557,Senior Software
558,157
559,G3
560,Software Development Engineer (SDE) 1
561,Software team lead
562,Senior 1
563,N
564,PE2
565,SWE IV
566,Software ENG II
567,Specialist
568,5R
569,Solution Principal
570,engineering manager
571,Software Engineer 5
572,T23
573,B4
574,Principal EM
575,SDE Lead
576,l3
577,T26
578,Lead Designer
579,sde1
580,IC-2
581,Technologist 1
582,new grad
583,Staff Software Engineer 1
584,Senior Technical Leader
585,Sr. Engineer Manager
586,Senior consultant
587,Senior Data Scientist
588,P4 (Senior Software Engineer)
589,l6
590,SDE I - New Grad
591,Team lead
592,Principle
593,Associate Product Manager
594,PMTS
595,Tribe Step
596,MTS IV
597,SWE2
598,Advanced
599,25
600,LM
601,Team Leader
602,13
603,Band7
604,sde3
605,ic4
606,Distinguished MTS
607,Mid-level
608,Lead Member of Technical Staff
609,Dev Manager
610,X6
611,L24
612,28
613,Senior Computer Scientist
614,Group Product Line Manager
615,Associate Director
616,Senior Staff Software Architect
617,master
618,X5
619,T1
620,Software Engineer Analyst
621,entry level
622,Senior data scientist
623,15
624,Software Engineer 5.5
625,Senior manager of engineering
626,SE3
627,Director of Engineering
628,Sr. Software Engineer
629,Member of Technical Staff (MTS 1)
630,Senior developer
631,principle
632,Engineer 3
633,G4
634,Member of Technical Staff 3
635,K
636,Member of Technical Staff 2
637,Sde2
638,Product Developer
639,Software Engineering manager
640,Product Engineer 2
641,PM
642,PM I
643,Data Scientist 2
644,Mid Senior
645,Sr.
646,D4
647,G7
648,L4P
649,SDEM4
650,Tech Lead
651,Associate Product Manager (PM)
652,Contractor
653,Group Lead
654,Sales Leader
655,Senior User Experience Designer 1
656,EM 2
657,L3 Executive Director
658,Ic
659,mid
660,Application developer 3
661,Staff Data Scientist
662,SDE II (62)
663,Grade 13
664,PM II
665,24
666,Principal / Architect
667,SWE I
668,Mts 2
669,602
670,Sr UX Designer
671,T3-2
672,Development Manager
673,T2-2
674,MTS2
675,SWE1
676,Software Developer
677,PM 3
678,Ic4
679,Baseline SWE
680,Engineer II
681,SDEIII
682,Core Developer
683,SDE3
684,IC 4
685,t2
686,Designer I
687,MGR1
688,e5
689,Data scientist
690,Senior Software Engineer 2
691,Software development director
692,ict4
693,X8
694,Entry Level
695,Technical Support Engineer 4
696,Software Engineer VIII
697,Sr. Software Engineering Manager
698,Software engineer 1
699,"Research Engineer, Senior"
700,SDE2
701,Manager (L6)
702,PM6
703,Data Scientist
704,Lead engineer
705,Vice President; Lead Cnslt Tech App Eng
706,Sr. Manager
707,Senior software developer
708,Ic 3
709,Member Technical Staff iii
710,g12
711,Application Developer
712,Software Dev Manager
713,ICB 3
714,Lead Engineer
715,Senior Solutions Engineer
716,ITC3
717,Software Engineer (SWE) I
718,E23
719,Associate Manager
720,IC7
721,Bioinformatics Scientist
722,CL3
723,Principle Enginner
724,MTS V
725,software engineer
726,level 2
727,principal
728,Advisory Offering Manager
729,New Grad L3
730,senior manager
731,Regular Development Engineer
732,L7.5
733,SDE 5
734,Squad Step
735,Band 10
736,46
737,Experienced UX Designer
738,P8 - Staff Software Engineer
739,Software Engineer4
740,Level 6
741,Principal Architect
742,SWE
743,p2
744,L7 (Sr Manager)
745,L67
746,L11
747,Data Scientist L1
748,L4 (Senior)
749,Senior Data Engineer
750,SDE4
751,A2
752,T8
753,Level5
754,L8 Director
755,Senior Associate L2
756,C01
757,Master Software Engineer
758,ict3
759,GPM
760,Senior software engineer 2
761,Software Development Engineer
762,MTS I
763,T22
764,Lead software engineer
765,Senior Staff Eng
766,Level III
767,P06
768,IC3 PM
769,IC
770,MTS Engineer
771,SMTS Engineer
772,Site Reliability Engineer
773,manager
774,Product Engineer
775,Software Developer II
776,Software Developer III
777,SE
778,Software Engjneer
779,RE2
780,Sde 1
781,software engineer 3
782,100
783,I10
784,I7
785,D1
786,Software engineer (New Grad)
787,I6
788,23
789,sr. staff engineer
790,Technologist
791,Sr Software Engineer Manager
792,IC3-1
793,i7
794,Senior Specialist
795,Apps system engineer V
796,6A
797,GS5
798,Senior Staff Eng manager
799,Director 1
800,Lead Software Eng
801,Sr Manager
802,T02
803,Engineer 1
804,Team Lead
805,Master
806,502
807,Band 8 (Advisory)
808,17
809,Unknown
810,EM 1
811,Associate Consultant
812,Level 1
813,IC 9
814,QA Manager
815,72
816,7V
817,ICB 4
818,Senior Software Engineer in Test
819,G05
820,m1
821,Senior Vice President
822,vp
823,ICB5
824,21
825,Frontend Engineer 3
826,ICB 5
827,M4 - Director
828,7A
829,SSE-I
830,SSE-II
831,Senior Bigdata Engineer
832,P7
833,Grade 2
834,Regular
835,Analyst 2
836,SE-1
837,Sr. Staff Engineer
838,19
839,Grade 4
840,Senior engineering manager
841,QA
842,Solution Architect
843,sr staff mgr
844,Fellow SWE
845,87
846,Band 2
847,SDM3
848,ECB4
849,t9
850,SDM 3
851,Grade 14
852,Principle Engineer
853,PR2
854,D3
855,Sr Infrastructure Engineer
856,Member of Technical Staff (MTS 3)
857,PR3
858,PM3
859,Principal Eng
860,principal consultant
861,principal software engineer
862,Mastery
863,Ic6
864,G10
865,Principal Offering Manager
866,Dev II
867,senior manager of engineering
868,Software Dev Engineer I
869,Graduate
870,Director of engineering
871,ICES02
872,G 28
873,SEII
874,73
875,C11
876,L22
877,C
878,Master Technologist
879,Director of Product
880,L72
881,Software Enginer I
882,Partner
883,G9
884,IC-1
885,Junior Engineer
886,Product Manager 1
887,LPB
888,SE III
889,S1
890,Quantitative Associate
891,601
892,JS5
893,Junior Advanced
894,Engineer Level 3
895,Associate 6O2
896,T11
897,Level 3 - Sr Engineer
898,SDM
899,Lead Product Manager
900,"Sr Manager, Site Reliability"
901,New grad
902,ecb5
903,APM
904,Level 7
905,MTS-4
906,74
907,6B
908,4.5
909,Staff Security Engineer
910,Lead Systems engineer
911,ECB8
912,Senior Technical Staff Member
913,Entry level
914,"Band 10, Program Director"
915,Unsure
916,Global account manager
917,Associate Senior Software Engineer
918,Senior Software engineering manager
919,SE 5
920,ASE5
921,UX Designer 3
922,AVP
923,29
924,Associate User Experience Director
925,ICB 7
926,t4
927,Principal Consultant
928,E8
929,Software Development Engineer (SDE) 3
930,Sr Device Development Engineer – I
931,Software Engineer - Mid
932,Principal Product Manager - L7
933,T2-3
934,Junior Developer
935,Senior engineer 1
936,TB7
937,G04
938,Placement
939,Staff UED
940,senior consulting analyst
941,UED
942,M0
943,IC 1
944,Software Developer in Test
945,p6
946,Grade 15
947,E12
948,X3
949,software Engineer
950,mts
951,P3: Senior Software Engineer
952,I8
953,Advance
954,Software developer
955,T3L2
956,Level 2 - Developer
957,Senior Software Systems Developer
958,Senior Software Engineer (X4)
959,Senior Product Manager 2
960,DevOps Engineer 3
961,Senior Contractor
962,P3 (Senior Engineer)
963,22
964,Lead Engineer 1
965,L5B
966,Jr
967,Associate 602
968,Engineer 2
969,X4
970,APM 1
971,Product Designer I
972,Software engineer manager
973,T2L3
974,ICT6
975,NAPA
976,g3
977,Sr. Staff
978,Engineer III
979,Project Manager
980,Software Developer & Integrator II
981,Sr director
982,500e
983,EM3
984,5.5
985,Base
986,Software Engineer New grad
987,Senior UED
988,Senior P4
989,A3
990,IT Director
991,Senior Engineer 2
992,Ict5
993,32 (Lead)
994,32 (associate principal)
995,B9
996,CL2
997,Band 7A
998,PR4
999,Application Developer II
1000,e3
1001,Graduate Engineer
1002,Engineer L1
1003,E3.5
1004,IC Level 3
1005,G13
1006,L12
1007,PA3
1008,Senior Software Engineerse
1009,M26
1010,WD6
1011,SysDE1
1012,staff
1013,7a
1014,L8 Director Product Management
1015,Product manager 2
1016,57
1017,Senior Software Enginer
1018,Cloud Infrastructure Associate
1019,m10
1020,L4 (Principal)
1021,4L
1022,Sr Software Engineering Manager
1023,Apprentice
1024,grade 12
1025,V
1026,Developer I
1027,Software Developer 2
1028,D2
1029,Junior developer
1030,Associate Lead Software Engineer
1031,Eng 3
1032,Senior Software Eng Principal Associate
1033,IV
1034,PRF3
1035,p4
1036,MTS3
1037,Sr. Product Manager
1038,BB
1039,BBB
1040,||
1041,Principal UED
1042,Account Executive 3
1043,TechStart
1044,Software Developer 1
1045,ICB 2
1046,G06
1047,5A
1048,Grade6
1049,Lead Experience Designer
1050,Metadata Manager
1051,35
1052,Software dev Engineer 2
1053,Staff software engineer
1054,Software II
1055,Associate User Experience Designer (UED)
1056,2.3
1057,Software Engineer G6
1058,Grade 08
1059,ENG4
1060,Technical Architect
1061,MG03A
1062,grade 10
1063,Member technical staff
1064,Team leader
1065,X7
1066,Studio Senior
1067,Senior Software Engineering Manager
1068,J
1069,E4 (Rotational Engineer)
1070,Designer II
1071,Senior Staff engineer
1072,Middle
1073,TDP1 (NewGrad)
1074,9p
1075,Head Media Engineering
1076,Staff Engineer (SRE)
1077,Experience Design Lead
1078,54
1079,MGTS
1080,Authorized Officer
1081,T3 3
1082,pm 2
1083,Principal Member of Technical Staff
1084,Sr Engineering manager
1085,level 9
1086,Senior Analyst
1087,SDE-1
1088,Senior Offering Manager
1089,BA4
1090,C4
1091,senior designer
1092,Experienced Associate
1093,Associate Offering Manager
1094,Software Development Engineer II
1095,Principal Application Developer
1096,SW 2
1097,level 6
1098,M24
1099,NXT
1100,Software Engneer III
1101,Associate Product Manager (X2)
1102,Part Time SE1
1103,Associate III
1104,6V
1105,30
1106,Flat
1107,SDET 2
1108,Senior SDET
1109,Sr. Contractor / IC
1110,P06 Senior Engineer
1111,Solution Specialist
1112,Mid-Level
1113,CL4
1114,front line
1115,RE4
1116,Senior Staff Manager
1117,Product Engineer 1
1118,I9
1119,Software Engineer Generalist
1120,e4
1121,PB
1122,SD2
1123,Gcb 4
1124,SDET II
1125,Senior 2
1126,Staff Systems Engineer
1127,MGT1
1128,D5
1129,Technical systems analyst
1130,Senior Engineer III
1131,Assistant Vice President
1132,p5
1133,Senior Software Engineer III
1134,Senior Engineer 3
1135,T3-3
1136,ICB 6
1137,C6
1138,Staff Designer
1139,Staff SE
1140,s2
1141,WL2
1142,Chief
1143,C5 (Software Engineer II)
1144,Technical Team Lead
1145,New Graduate
1146,Senior L2
1147,T9
1148,Senior Principal Member of Technical Staff
1149,L3 (New Grad)
1150,P9
1151,Software enegineer
1152,Software Developer 3
1153,Senior Engineer 1
1154,officer
1155,Entry-Level
1156,PM1
1157,Full Stack Cloud Developer
1158,Lead Developer
1159,TR5
1160,OM1
1161,Staff Software Developer
1162,200
1163,Member of Engineering Staff (Engineering Level #2)
1164,"Manager, Engineering"
1165,Senior L5
1166,Job Grade 9
1167,Software Engineer T1
1168,Senior Engineer II
1169,DIRECTOR
1170,Software Design Engineer 2
1171,ICB 6 master
1172,g6
1173,ENG 1
1174,Software Development Engineer I
1175,Sde
1176,Enterprise Quality Architect
1177,Also
1178,Senior Product Manager II
1179,Senior software engineering manager
1180,Sr mts
1181,s7
1182,4 years dev
1183,Lead App Dev
1184,Senior Member Technical Staff
1185,6301
1186,Senior engineer 2
1187,ic3
1188,Technical analyst
1189,Senior Research Scientist
1190,Senior Level 8
1191,Business Analyst
1192,Senior Software Engineer 1
1193,SWE3
1194,SW1
1195,Sr Staff Engineer
1196,M12
1197,Engineering Manager I
1198,QA Automation III
1199,Senior Software Engineer (I7)
1200,I3
1201,Senior Software Quality Engineer
1202,Software Engineer 3 66
1203,Technical Architect 3
1204,Product Manager I
1205,AO
1206,H7
1207,L25
1208,Software engineer 2
1209,Sr software engineer
1210,L40
1211,Engineering Resident
1212,Associate I
1213,IC 2
1214,Senior Principal Consultant
1215,GCB 6
1216,senior hardware security engineer
1217,SL1
1218,Lead Technologist
1219,technical  leader
1220,SW Dev Eng Mgr 2
1221,T3 - 3
1222,K5
1223,Zen2
1224,4B
1225,Data Scientist II
1226,ASC
1227,Software Engineer Staff
1228,Senior Application Developer
1229,Senior Development Engineering Officer
1230,GSR7
1231,Senior Associate - 602
1232,SDEP40
1233,L1.5
1234,Senior Software Engineer (5)
1235,Officer
1236,Sr staff engineer/Manager
1237,CL22
1238,ITC4
1239,Software Engineer (Fresher)
1240,Professional Software-Engineer
1241,Consultant Developer
1242,Vice president
1243,Associate Software Developer
1244,Intermidiate
1245,technologist
1246,g10
1247,senior product manager
1248,Senior I
1249,Software Developer I
1250,Senior architect
1251,JL6
1252,Staff Engineer I
1253,vice president
1254,Director of design
1255,Senior engineer
1256,Engineer 53
1257,E
1258,L18
1259,Medior
1260,Design Lead
1261,sde 2
1262,SDI 1
1263,SSE2
1264,S3
1265,Engineer L2
1266,Lv 2
1267,Senior Director of Software Eng
1268,Principal Software Engineer 1
1269,designer 2
1270,ICB3
1271,Engagement Manager
1272,ASSOCIATE SOFTWARE ENGINEER
1273,Senior software Engineer
1274,Enry
1275,Sr SDE II
1276,Sr Product Developer L2
1277,SE IV
1278,mts4
1279,M7
1280,Sr product manager
1281,Software Designer
1282,middle
1283,Senior SDI
1284,O
1285,J26
1286,L 4
1287,Software Development Engineer 1
1288,Support
1289,Data Scientist I
1290,ic2
1291,U
1292,M9
1293,fellow
1294,Advisory Software Engineer
1295,C12
1296,B35
1297,Frontend Engineer I
1298,E2 Senior
1299,Product Manager (L3)
1300,Senior Staff R&D
1301,300-9
1302,Sr.Design Engineer E6
1303,Engineering manager
1304,T4-2
1305,Senior Software Engineer Level 1
1306,Sr. Solution Architect
1307,Semi Senior Advanced
1308,Group
1309,8B
1310,m4
1311,Senior Professional
1312,TL
1313,engineer 1
1314,IC3-2
1315,L08
1316,G11
1317,ic5
1318,Business Technology Analyst
1319,Data science 1
1320,Senior Associate Consultant
1321,associate
1322,M4 Senior Manager
1323,Rotational Software Engineer
1324,Principal member of technical staff
1325,3 years
1326,C7
1327,Senior SDE Manager
1328,Level II
1329,Director product
1330,Senior Engineer I
1331,2-2
1332,Engineer 5
1333,soc component engineer
1334,7B
1335,G09
1336,Distinguished Technologist
1337,New Graduate Student
1338,SDE IV
1339,40
1340,assistant vice president
1341,SDE II L62
1342,Lead / L4
1343,Application Development Senior Engineer
1344,3-2
1345,SEP
1346,S7
1347,Junior I
1348,L5 QAE
1349,L5 (Senior PM)
1350,B8
1351,product designer
1352,Level 8
1353,software engineer entry level
1354,ENO
1355,software engineering manager
1356,SVP
1357,Level 3 software engineer
1358,Product manager
1359,Entry-level
1360,2-1
1361,Technical Lead
1362,Core Software Engineer
1363,Smts
1364,Lead application developer
1365,MTS 4
1366,T1 L3
1367,G07
1368,T29
1369,Senior Architect
1370,Senior Engagement Manager
1371,Director (L9)
1372,junior
1373,Associate 1
1374,EE2
1375,Director D2
1376,m2
1377,"L07 Senior Product Manager, Technical"
1378,PM2 (L5)
1379,IC4 Staff Software Engineer
1380,Lead Associate
1381,Software Engineer Associate
1382,Platform
1383,Senior Lead Engineer
1384,Lead Software Developer
1385,Systems Engineer
1386,C8
1387,CS 1
1388,Level 58
1389,Senior Software Development Manager
1390,Associate Staff
1391,DS3
1392,Lead Associated
1393,Backend Software Engineer
1394,Integration Engineer 5
1395,Software Engineer Analyst L11
1396,devloper
1397,SE 1
1398,Senior Manager PM
1399,BA
1400,Contributor
1401,FSD
1402,G
1403,PM4
1404,CLG 200
1405,Mts2
1406,p7
1407,Associate Data Scientist
1408,Reg.
1409,ICT1
1410,Software engineering manager
1411,Technical Leader I
1412,p3
1413,C13
1414,Electrical Enggineer
1415,G062
1416,ICB6
1417,Associate Application Developer
1418,Associate Vice President
1419,e2
1420,Summer Analyst
1421,Recruiter 2
1422,Assistant Director
1423,SSE
1424,Technical lead
1425,Product Lead L6
1426,H5
1427,IT Software Engineer
1428,SWEII
1429,QAC1
1430,Senior SDE I
1431,QA 2
1432,Mid-Senior
1433,Senior SE 2
1434,FTAP SWE
1435,ZEN3
1436,Data
1437,Senior staff software engineer
1438,L50
1439,3-1
1440,ENG MTS Grade 15
1441,110
1442,PROA3
1443,Designer 2
1444,Staff software engineer 2
1445,F9
1446,1.3
1447,MTS-3
1448,CE4
1449,Product Manager L4
1450,Dev Lead
1451,Lead Technical Support Engineer
1452,Software Engineering Advisor L4
1453,Senior L1
1454,staff software engineer
1455,Level2
1456,NXT Software Engineer
1457,Staff 2
1458,C3
1459,Sr SDET
1460,G20
1461,Design Engineer
1462,ETW
1463,App Dev II
1464,software engineer 2
1465,53
1466,Engineering Analyst
1467,4b
1468,Senior Validation Engineer
1469,Sr Engineer
1470,Starting
1471,b35
1472,L6 SDE3
1473,Software Enginner Manager
1474,SW11
1475,Software Engineer 2 (L2)
1476,senior consultant
1477,ScientistII
1478,Senior Solutions Consultant
1479,Software Engineer L2
1480,PM ll
1481,48
1482,Strategy Analyst
1483,DEV1
1484,Avp
1485,Rotational Associate Product Manger
1486,SDE-3
1487,sr. Director
1488,Data Analyst
1489,technical consultant
1490,Staff/Assitant
1491,Staff Data Analyst
1492,IC 6
1493,Data Analysis and Simulation
1494,Senior 4
1495,Solutions Architect II
1496,Senior Product Line Manager
1497,SDE 7
1498,T4PF-1
1499,Senior Engineer - System Design
1500,"Senior Engineer, L6"
1501,DS II
1502,Band 8 - Advisory Software Engineer
1503,Senior Director L8
1504,Senior (band G)
1505,Staff Software Eng
1506,Software Engineer-II
1507,Program Director
1508,RE 2
1509,Analyst (501)
1510,ICT 4
1511,1-2
1512,band 6
1513,Senior technical lead
1514,C5
1515,Program Manager
1516,Senior Software Enginner
1517,Sr. Principal Engineer
1518,38
1519,e12
1520,Supervising Associate
1521,ic-3
1522,Senior associate
1523,Consultant 9
1524,Level 2
1525,Senior Engineer T3
1526,Product Line Manager
1527,Software Enginner
1528,Level 60
1529,L6M
1530,Principal E6
1531,Tech Analyst
1532,CL24
1533,Case Team Leader
1534,IN3
1535,B1
1536,E08
1537,Software Engineering SMTS
1538,Staff Program Manager
1539,IN4
1540,Senior staffing partner
1541,Solutions Engineer
1542,Software Engineering MTS
1543,Technology Architect
1544,604
1545,B10
1546,PSG 20
1547,Sde4
1548,PL06
1549,Sr Developer
1550,P4 - Sr Manager
1551,ZEN1
1552,S6
1553,sr principal engineer
1554,Senior - L5
1555,Senior/L17
1556,Staff 1
1557,Software engineer 3
1558,Sr Staff Software Engineer
1559,P6+
1560,SWE L5
1561,Senior Recruiter
1562,VP of Engineering
1563,ict5
1564,F Band
1565,Senior DS manager
1566,IC$
1567,Practice Area Lead
1568,L9 Consultant
1569,Cl4
1570,Lead developer
1571,SE3 (Mobile)
1572,Staff Business Analyst
1573,"Senior Manager, product management (M5)"
1574,Sr. SW Engineer
1575,51
1576,Principal Product Manager - Technical
1577,EG15
1578,Programmer
1579,Applied Researcher 2
1580,Graduate Trainee
1581,Contingent
1582,x6
1583,Senior Director of Engineering
1584,Sr application engineer
1585,Staff Software Engg
1586,Data engineer
1587,Entry Level Associate Developer
1588,Software Engineer L08
1589,T3-1
1590,Sr SW Architect/Director/Sr. Director
1591,AST
1592,Senior Marketing Manager
1593,consultant
1594,EDG
1595,L58
1596,B5
1597,Assistant Team Lead
1598,Solution Sales Specialist
1599,Senior Designer II
1600,Senior Technical Recruiter
1601,Developer 3
1602,A5
1603,Account Executive
1604,Software Engineer Program
1605,105
1606,L2-3
1607,Professional 3
1608,MTS5
1609,Senior Product Mananger
1610,E3.1
1611,SR
1612,Head of
1613,Expert Engineer
1614,Mid level Software Engineer
1615,1.1
1616,Senior SRE
1617,L09
1618,Assistant Marketing Manager
1619,R&D Senior II
1620,Senior Software engineer
1621,Sr Marketing Manager 5
1622,lead
1623,G5
1624,b30
1625,Lead Member Technical Staff
1626,Marketing manager
1627,Management
1628,Jr Software Engineer
1629,C3A
1630,Fullstack Engineer
1631,Senior Consultant 2
1632,PM2
1633,Product Designer
1634,Principal product manager
1635,Sr Artist
1636,Product Manager L5
1637,Staff Technical Program Manager
1638,Software Systems Architect
1639,Lead product designer
1640,L6 Engineer III
1641,T4.1
1642,User Experience Designer 3
1643,Engineer 1 ES
1644,Sr Associate
1645,C4 Technical Lead
1646,PD2
1647,E07
1648,b9
1649,Senior analyst
1650,Product Line Marketing Manager
1651,D
1652,Ic2
1653,CL23
1654,B30
1655,Executive recruiter
1656,Account executive
1657,Senior Technical Director II
1658,Consulting Analyst
1659,Senior BA
1660,Gr 7
1661,E9
1662,SD1
1663,Mid Market
1664,EM5
1665,L27
1666,Senior Manager II
1667,Sr. Product Designer
1668,Lead Mechanical Engineer
1669,Lead Product Experience Designer
1670,Analyst 1
1671,entry
1672,Digital Analyst
1673,L65
1674,10i
1675,B7
1676,BI 4
1677,Master Data Engineer
1678,BA3
1679,unknown
1680,LC2
1681,ZEN6
1682,S8
1683,Senior Technical Staff
1684,CS
1685,Web Engineer II
1686,Lead Eng
1687,Web developer III
1688,Front-end Engineer
1689,Senior Associate 3
1690,Senior Software Development Engineer
1691,20
1692,Principal Developer
1693,Senior Business Analyst
1694,MTS 2 propel
1695,Grade-3
1696,Technology Analyst
1697,GG10
1698,Contract Software Engineer
1699,Co-Op
1700,Business Analysis Manager
1701,DA2
1702,Machine Learning Engineer 2
1703,Software Test Engineer II
1704,EB
1705,Senior People Partner
1706,Sr Engineer 2
1707,CC02
1708,Grade 19
1709,Senior Analytical Engineer
1710,1 yr non TL SD
1711,L3 Senior
1712,staff qa engineer
1713,Software Engineer (2nd level)
1714,50
1715,Developer T2
1716,Software engineer I
1717,M11
1718,Software Manager
1719,Level1
1720,Manager 1
1721,Managing Lead
1722,RD2
1723,Principal Engineer (10)
1724,c1
1725,PM 4
1726,L56
1727,l56
1728,Sr. Software Engineer II
1729,Project Leader
1730,Recruiting Lead
1731,Band 05
1732,CC01
1733,g11
1734,Sr. Silicon Design Engineer
1735,Level K / First line
1736,Designer 3
1737,L4 Sourcer
1738,SM
1739,L5`
1740,Beginner
1741,ce2
1742,Digital Marketing Manager
1743,Product Manager 3
1744,staff 2
1745,Sr Data Scientist
1746,10 (Staff)
1747,89
1748,75
1749,Tech Consultant
1750,L6 Manager
1751,Senior software engineer I
1752,Sr. Principal Engineer/SW Architect
1753,Sr Software Developer
1754,L2-2
1755,Quantitative Developer
1756,Assistant Consultant
1757,L55
1758,G28
1759,Associate Software Engineer II
1760,L14
1761,Lead Software Developer Engineer
1762,A13
1763,Specialist Master
1764,8P
1765,Product Designer II
1766,1st year
1767,Principal Member Of Technical Staff
1768,85
1769,Staff SQA Engineer
1770,Recruiting Coordinator
1771,PROA4
1772,P8
1773,ADP
1774,smts
1775,Corporate Account Executive
1776,PA
1777,Principal Embedded Software Developer
1778,AC
1779,BDR
1780,Mechanical Engineer I
1781,Staff Technologist
1782,Technical Consultant
1783,43
1784,C2
1785,Mgr
1786,PL9
1787,Strategy Analyst (L12)
1788,Principal Software Engineer 2
1789,2Y Consultant
1790,RPM
1791,7T
1792,Marketing Manager
1793,Sr $&D Engineer I
1794,Director I
1795,Junior Developer 1
1796,Dev 3
1797,Solutions Architect
1798,Principle Software Architect
1799,SWEIII
1800,Specialist 3
1801,senior analyst
1802,associate product manager
1803,109
1804,senior staff software engineer
1805,Associate Software Development Engineer
1806,Strategic Advancement Advisor
1807,Senior Manager 6A
1808,SMB
1809,GSR 8
1810,Level 61
1811,Assistant Director Senior Software Engineer
1812,Associate Engineering Manager
1813,TLP
1814,Junior Software Developer
1815,Senior Staff Software engineer
1816,Senior Manao
1817,1C
1818,Principal Solutions Engineer
1819,MSS1
1820,L2\D2
1821,JS8
1822,Software Development Team Lead
1823,Deployment Strategist
1824,L3 (Specialist)
1825,Business Development Representative
1826,Associate Developer
1827,L/S1
1828,T-4
1829,H4
1830,Principal Business Manager
1831,Software Engineering
1832,Se2
1833,GCB5
1834,ICG Technology Analyst
1835,PL 8
1836,Senior Staff Sofware Engineer
1837,b45
1838,Coordinator
1839,Сontractor
1840,MTS-5
1841,IC8
1842,Software Engineer 1B
1843,Senior Software QA Enigeer
1844,c11
1845,Band 1
1846,Assistant Vice President(SE2)
1847,X1
1848,Senior Account Executive
1849,JL3
1850,Sr PM
1851,Analyst 3
1852,Recruiter
1853,Staff Consultant
1854,Software Engineer 3/ Senior
1855,Lower
1856,PL08
1857,EG10H
1858,SM2
1859,JS4
1860,JG8
1861,Campaign Manager
1862,TM05
1863,Front End Engineer
1864,Senior Functional Architect
1865,C9
1866,Senior Hardware Engineer
1867,Software Developer Associate
1868,Product Manager 5
1869,CODA associate
1870,group product marketing manager
1871,Firmware Engineer 2
1872,GSR
1873,SDR
1874,Lead Software engineer
1875,SOFTWARE ENGINEER
1876,Entry Level LEAP Program
1877,AE6
1878,SB
1879,58
1880,AA
1881,Senior Rank1
1882,Practice Lead
1883,Computer scientist 1
1884,Lead architect
1885,Product Marketing Manager
1886,Lead Software Engineeer
1887,Lead Member of Tehnical Staff
1888,RM II
1889,T4.3
1890,B2
1891,AE 7
1892,P23
1893,Cloud Operations Engineer
1894,Sr. Consultant
1895,Staff Software Engineer (P4)
1896,"Director , Product Management"
1897,Band 35
1898,Managing director
1899,Ignition Program
1900,L3 (Senior)
1901,Senior Design Engineer
1902,Hardware Engineer
1903,IC05
1904,analyst
1905,specialist
1906,Assistant Consultant (AST)
1907,senior engineer ii
1908,Solution principal
1909,AE3
1910,Associate Product Manager (P1)
1911,cl7
1912,Associate Partner
1913,Junior Software Engineer
1914,ICB2
1915,9/Consultant
1916,150
1917,Software Engineer Team Lead
1918,Senior Director of Software Engineering
1919,ICB4
1920,Senior (Band Level G)
1921,Cloud Solution Architect
1922,Account Manager
1923,Sr Mgr
1924,SA2
1925,SWE Senior 2
1926,"ISE, SIML"
1927,Associate VP
1928,Gr 9
1929,Specialist Senior
1930,Software Engineer - Band 7
1931,Sr principal
1932,CONSULTANT
1933,FTAP
1934,Gradaute
1935,User Experience Designer
1936,S5
1937,x2
1938,KM3
1939,SE-2
1940,8Y
1941,Bloom
1942,Swe4
1943,Research Engineer
1944,ZEN5
1945,Security Analyst I
1946,I4
1947,56
1948,Vice-President
1949,Personal Banker II
1950,JL5
1951,Junior Principal
1952,level 4
1953,X2
1954,Product Design Manager (IC)
1955,R&D Engineer II (Software Developer)
1956,Engineering Manager 3
1957,Regional Sales Manager
1958,Developer 2
1959,CL9
1960,CODA Associate
1961,LL6
1962,IST1
1963,Tech recruiter 2
1964,Senior Technical Program Manager
1965,e11
1966,x5
1967,Lead 2
1968,Level4
1969,sw2
1970,Autopilot
1971,Sr. Sales Advisor
1972,Managing Consultant
1973,R&D Engineer Sr 1
1974,AM3
1975,Lead Sys Cslt-S/W Eng
1976,Analytics
1977,Senior Software Engineer Ii
1978,LIII
1979,Senior Consultant - Software Developer
1980,Sr. Member Tech Staff
1981,SAC
1982,3F
1983,Principal Designer
1984,Recruiter 1
1985,Scientist
1986,principle software engineer
1987,L68
1988,B6
1989,l8
1990,"Senior Manager, Software Engineering"
1991,GSR8
1992,Technical program manager
1993,4.3
1994,Sr. Analyst
1995,New Grad Associate
1996,IC4-2
1997,pd3
1998,L26
1999,Senior Technical Product Manager
2000,IC 3
2001,Senior Sales Manager
2002,14B
2003,8V
2004,L53
2005,L4 Product Designer
2006,Sr Principal
2007,Principal Engineer/Manager
2008,V7
2009,Senior Technical Product Manager 1
2010,SE5
2011,Member Of Technical Staff
2012,PMPMD1UK
2013,ZEN 2
2014,GCB4
2015,GS7
2016,C1
2017,Designer
2018,Architect II
2019,JG11
2020,T2 L3
2021,Product Manager2
2022,Grade 22
2023,RD1
2024,Director QA M4
2025,Junior Associate
2026,L1.2
2027,CS2
2028,Senior SDE 1
2029,Senior director
2030,DS1
2031,Senior Sales Executive
2032,x4
2033,Sr. Product Owner
2034,L10 Director
2035,developer2
2036,Senior Associate Experience Technology
2037,Team lead of Software Engineering
2038,s8
2039,Analyst L11
2040,LC4
2041,L16
2042,CL7
2043,Unkown
2044,Manager 3
2045,M8
2046,T3 L2
2047,501 (Software Engineer I)
2048,D Band
2049,Tech Associate
2050,L4 Director
2051,Engineering Director
2052,Junior Software Development Engineer
2053,graduate
2054,4C
2055,Associate Principal Engineer
2056,ADR II
2057,T65
2058,CCO07
2059,"Software Engineer, Senior"
2060,Mid Market SMB AE
2061,Associate General Manager
2062,sr.staff
2063,director
2064,Sr R & D Engineer I
2065,Retail Sales Consultant
2066,PL07
2067,402
2068,3.2
2069,MG01A
2070,CM4
2071,Leap Program
2072,Grade-8
2073,Senior Member Technical
2074,TC5
2075,Fresh Grad
2076,L8A
2077,Lead HR BP
2078,Distinguished Principal / Architect
2079,New Hire
2080,J5
2081,Member Technical Staff
2082,Data Science Associate
2083,Associate Business Analyst
2084,Account Executive SMB
2085,09
2086,Senior Leadership Band
2087,Senior Software Manager
2088,Senior UI Engineer
2089,49
2090,Corporate account executive
2091,70
2092,Business Development Representative (Entry Level Role)
2093,EE
2094,lv5
2095,P40
2096,Sr Engineer Manager
2097,band 30
2098,Senior software
2099,Business Director
2100,45
2101,CBN10
2102,CC03
2103,SEP 1
2104,JG24
2105,PSG 19
2106,PSG 21
2107,PSG 22
2108,PSG 23
2109,PSG 24
2110,PSG 25
2111,PSG 26
2112,Senior Computer Scientist 2
2113,Staff Software Engineer 2
2114,sde I
2115,Technical specialist
2116,EL1
2117,"Mgr., Software Engineering"
2118,Fellow
2119,associate director
2120,SDE 59
2121,ILP - 0
2122,Professional III
2123,3.1
2124,I do not know
2125,x7
2126,PB1
2127,middle software engineer
2128,T06
2129,EL
2130,Machine Learning Researcher
2131,F2
2132,data scientist II
2133,software development engineer 2
2134,Level
2135,RD3
2136,Sr manager software service
2137,ESDM60
2138,fresher
2139,Tech lead
2140,Associatr
2141,Analyst Consultant
2142,EG7
2143,JL4
2144,Director TPM
2145,Senior Team Lead
2146,Senior BSA
2147,Senior Software Designer
2148,Studio Senior Lead
2149,PD4
2150,T4A
2151,Senior R&D II
2152,Staff Data Engineer
2153,Designer (external vendor)
2154,B3
2155,Senior scientist
2156,Software Engineer VI
2157,Lead Application Developer
2158,L4A
2159,Electrical Engineer
2160,SDE Newgrad
2161,CL 5
2162,E11
2163,TB6
2164,T14
2165,x3
2166,P50
2167,Member of technical staff
2168,Pay Grade 21
2169,l9
2170,L3 Sr
2171,CLP5
2172,AD
2173,T1.1
2174,ZP2
2175,Grade 16
2176,Eng III
2177,DS II (L5)
2178,Grade 30
2179,Marketing Senior Manager
2180,Trainee
2181,entry level product supply
2182,55
2183,IC10
2184,Principal (T03)
2185,Software Engineer 6
2186,L1 (New Grad)
2187,Strategist
2188,SEP1
2189,System Engineer
2190,Sr Software Engineer Engineer Level 2
2191,GSR6
2192,Consultant/Sr Consultant
2193,Senior Associate Platform L2
2194,84
2195,L10/SDE III
2196,Principal Engineer II
2197,Principal Engineer I
2198,LC-1
2199,Yellow
2200,PR5
2201,Lead Software Engineer 2
2202,Strategy
2203,Senior Principal Application Engineer
2204,Senior Product Engineer
2205,E5L
2206,Senior SDE II (L7)
2207,Software Engineering Advisor
2208,Software developer 5
2209,Sr recruiter
2210,G1
2211,L6.5
2212,M-L8
2213,senior project manager
2214,engineer 2
2215,Solution Designer
2216,sr software engineer
2217,Grade 9A
2218,JL15
2219,Senior CAD Designer
2220,Director PM
2221,Band 40
2222,C11 Technology Analyst
2223,Associate director
2224,EM II
2225,Principal 3
2226,L5 Mexhanical Engineer
2227,L3 SWE II
2228,107
2229,Data Science Analyst
2230,Infrastructure Engineer
2231,E13
2232,L5 security
2233,DS Entry
2234,Senior Engineer I (Band 35)
2235,grade 9
2236,B35 Software Engineer 2
2237,Executive
2238,PM5
2239,TDP New Grad
2240,L6 QAM
2241,EG16
2242,E5A
2243,AWF
2244,Platform Engineer
2245,level 5
2246,Sr Development Manager
2247,lead engineer
2248,Senior staff engineer
2249,STAFF
2250,senior software engineer 1
2251,SDEI
2252,Senior Android Developer
2253,11P
2254,C14
2255,ESDEM60
2256,p70
2257,T4-1
2258,2.2
2259,Project Leader/Lead Data Scientist
2260,Technical leader 2
2261,Full Stack Developer II
2262,Senior Lead Technologist
2263,Senior SDE II
2264,Senior Designer - 8
2265,System Software Engineer V
2266,Senior SWE II
2267,L4 Software
2268,Principal/ Sr Mgr Programmer
2269,Implementation Consultant (4 Years)
2270,L 2
2271,Advanced Application Engineer
2272,Senior Associate Engineer
2273,501
2274,Junior SWE
2275,Associate 2
2276,RE3
2277,Graduate Software Engineer
2278,PL8
2279,SEP II
2280,Leap
2281,Advisor
2282,cc01
2283,AVP Developer
2284,CL27
2285,Backend Developer
2286,42
2287,"R&D engineer, Senior II"
2288,Senior Systems Engineer
2289,IC 5
2290,Analy
2291,SD4
2292,EEE
2293,New Gras
2294,L4 (SDE 1)
2295,SA1
2296,RE1
2297,Assistant Manager
2298,"Director of Engineering, M6"
2299,D7
2300,6.5
2301,X
2302,Director/L6
2303,Full stack
2304,Senior Data Analyst
2305,H6
2306,S2
2307,Svp
2308,Professional Services I
2309,EG13
2310,i9
2311,Group B2
2312,Associate Operations Manager
2313,Full time Quant
2314,SG6
2315,PE1
2316,Senior IC
2317,Software Integrity Eng 4
2318,MG 02A
2319,Sr. Recruiter
2320,EUXDP30
2321,CL 27
2322,ENGINEER III
2323,senor
2324,Individual contributor
2325,SPB
2326,Exec 01
2327,l01
2328,Data Analyst 2
2329,Software Architect
2330,L3-2
2331,?
2332,SDM2
2333,1 (APM)
2334,EM I
2335,2E
2336,GSR 5
2337,Senior U-Band
2338,MTS VI
2339,software engineer II
2340,6b
2341,Senior Security Engineer
2342,LEAP
2343,13A
2344,Sr. Associate Product Manager
2345,Software Engineer 2 (T2)
2346,Leap Associate
2347,SDE-2
2348,Java Developer
2349,7.5
2350,D9
2351,t23
2352,C3B
2353,Sr Eng Manager
2354,swe
2355,Principal Software Developer
2356,trainee
2357,iC5
2358,Assistant manager
2359,TR2
2360,New Grad Engineer
2361,ILP
2362,KM4
2363,Staff design verification
2364,GCB6
2365,G19
2366,Senior Produce Designer
2367,L07
2368,Pc09
2369,A3 Application Developer
2370,Senior Lead
2371,Sr Engagement manager
2372,Lead Product Management
2373,band 8
2374,Senior Engineer L1
2375,Software Development Engineer 40
2376,52
2377,IC I
2378,L13
2379,DS 1
2380,LX
2381,Site Reliability Engineer II
2382,09A
2383,AE II
2384,CL 10
2385,Technology Associate
2386,4 (L or H?)
2387,L6 PMT-ES
2388,Band 30 SEII
2389,Intern
2390,SG24
2391,Band 36
2392,R&D SR 1
2393,Senior Manger
2394,G2
2395,SW5
2396,SDE Group Manager
2397,C15
2398,Technologist 2
2399,L35
2400,Sr. Principal
2401,Application Engineer
2402,Lead Software Development Engineer
2403,Ll6
2404,Tech 4
2405,no level
2406,R3
2407,80
2408,E09
2409,Portfolio Manager
2410,GSR 7
2411,L7B
2412,Entry Level Developer
2413,Associate Director of Engineering
2414,New Grad (Associate)
2415,E Band
2416,T43
2417,P30
2418,Design Director
2419,Experienced
2420,z4
2421,New Grade
2422,Lead Frontend Engineer
2423,S4
2424,PL09
2425,SDE 1 (Fresher)
2426,l62
2427,QAS3
2428,GCB 5
2429,Software Engineer-2
2430,Sde3
2431,L3a
2432,member technical staff
2433,L1b
2434,Associate Solution Engineer
2435,Senior TPM
2436,Engineering Manager L5
2437,E2.1
2438,Eng2
2439,"Senior Director, Product Management"
2440,intermediate
2441,GG11
2442,No Levels
2443,senior swe
2444,Not known
2445,Sde II
2446,grade 7
2447,SDE  II
2448,Product Manager 6
2449,Software Engineer 1.2
2450,Product Manager ii
2451,M25
2452,In4
2453,L5.5
2454,2.1
2455,"3,12"
2456,none
2457,3C
2458,Principal Manager
2459,EC6
2460,PG25
2461,Sr. Data Scientist (L6)
2462,Implementation Consultant
2463,Infra Manager
2464,Strategy Manager
2465,Group Product Line Marketing Manager
2466,Mid Software Developer
2467,36
2468,G08
2469,Staff PM (L7) - same level as GPM
2470,Data Engineer II
2471,A9
2472,IC16
2473,RA3
2474,x8
2475,Zen 4
2476,IC-0
2477,SE I
2478,mts3
2479,IC4-1
2480,C10: ICG Technology Analyst
2481,L3`
2482,Partner / Principal
2483,Gsr8
2484,C07
2485,Tech IC7
2486,TA
2487,1b
2488,PL 7
2489,MG01 A
2490,Applications Development Analyst
2491,product manager
2492,Fresher
2493,L0
2494,senior principle engineer
2495,sr. Technical Architect
2496,Software Development Engineer 4
2497,Software Engineer Sr Analyst
2498,Software engineer II
2499,ESDAM40
2500,SDE - 2
2501,fsefseffse
2502,Senior Eng 1
2503,CL2.2
2504,Manger
2505,LM2
2506,Senior Lead Software Engineer
2507,Senior Associate (SA-2)
2508,Senior Technology Manager
2509,Implementation Consulatant
2510,200T
2511,5105
2512,Specialist Leader
2513,Sr. Associate Software Engineer
2514,Staff Software Engineer I
2515,L4 Engineering Manager
2516,GL9
2517,Associate consultant
2518,JG7
2519,Working Student
2520,Sr. Software developer
2521,IC9
2522,T5A
2523,L3 Individual Contributor
2524,Band D
2525,MST4
2526,31
2527,SSE 1
2528,engineer
2529,AT
2530,L-2
2531,SREII
2532,Manager - 2
2533,No
2534,Senior knowledge expert
2535,Associate Principal
2536,Member of Technical Staff 4
2537,Software Engineer |||
2538,Developer III
2539,D6
2540,SMTE
2541,Sr SDE I
2542,A1
2543,Band 7 A
2544,P-L7
2545,T10
2546,data analyst
2547,Vice President 1
2548,QS3
2549,004
2550,Sr I
2551,Senior Product Designer II
2552,ICT 5
2553,PRF4
2554,Senior Software Developer I
2555,Software Development Engineer 2
2556,Mid Software Engineer
2557,Principal Scientist
2558,Authorised Officer
2559,Analyst L2
2560,c12
2561,Level 26
2562,Individual Contributor 3
2563,Senior Data Engineer I
2564,Analyst II
2565,PL7
2566,ASE
2567,Tech IC6
2568,level 8
2569,Software Engineer Senior Analyst
2570,Associate L1
2571,Subject Matter Expert
2572,Senior GCP architect
2573,600
2574,TD1
2575,Zen  7
2576,A
2577,Advisor I
2578,MG01
2579,WL1
2580,Senior Member Of Technical Staff
2581,Embedded Software Engineer II
2582,T2-1
2583,SA-S
2584,UCW11
2585,JS6
2586,JS7
2587,SDE`
2588,T 25
2589,Director of Product Mgmt
2590,EO5
2591,Tech IC4
2592,L6 / Principal
2593,UI Designer
2594,Sr II
2595,L#
2596,Senior Sofware Engineer
2597,None
2598,Tech IC5
2599,P-L5
2600,Senior Staff Software Developer
2601,k3
2602,SR. Solutions Architect
2603,Developer II
2604,Computer scientist
2605,Mid-levl
2606,Staff/Assistant
2607,TCE -4
2608,Senior SE1
2609,DL
2610,Sse
2611,AC5
2612,005
2613,BTA
2614,G31
2615,B
2616,Computer Scientist-1
2617,Senior Associate Plaform L1
2618,PDPJ-P5
2619,AE4
2620,FEE I
2621,07
2622,principal product manager
2623,RIV4
2624,L4 manager
2625,L3 (Associate Software Engineer/Executive Graduate Trainee)
2626,Member Technical
2627,Leader
2628,Sde III
2629,Sr. Data Scientist
2630,SENIOR
2631,Sr. Director of Engineering
2632,Sr Analyst
2633,Full
2634,LL5
2635,GL 29
2636,Studio Staff
2637,t1
2638,t0
2639,Z4
2640,ZEN4
2641,Business Manager
2642,409
2643,Grade Level 29
2644,006
2645,Senior Consultant 3
2646,Sr. Engineer
2647,Sr Staff engineer
2648,sse
2649,Tech specialist
2650,AM 1
2651,L17
2652,Group Design Manager
2653,Swe II
2654,M04
2655,Staff II
2656,grade10
2657,P04
2658,SD
2659,Professional
2660,ZEN 3
2661,Na
2662,Internship
2663,L2/3
2664,Senior Expert
2665,Member Of Technical Staff 2
2666,Ict 4
2667,Staff Software Development Engineer
2668,VS 1.3
2669,Group Engineering Manager
2670,Lead Professional Band
2671,Snr. Product Line Manager
2672,Mechanical Engineer 2
2673,Principal Engineer 2
2674,RM3
2675,Software consultant
2676,grade 008
2677,Grade 44
2678,PD5
2679,Software Engineer - 2
2680,Software Architect ||
2681,L4 Project Manager
2682,Software Developer 5
2683,03
2684,Android Engineer I
2685,Senior Engineering Manager 2
2686,SD3
2687,Руководитель Направления
2688,MTS-IV
2689,Expert Software Developer
2690,PG8
2691,recent graduate
2692,118
2693,16RD
2694,SC1
2695,avp
2696,Job stage 7
2697,I61
2698,Associate Software Engg
2699,SRE II
2700,No levels
2701,PSG 27
2702,Mid Level Engineer
2703,Sr Consultant
2704,Software Engineer Sr.
2705,l65
2706,Senior Associate II
2707,Software Engineer (Year 2)
2708,L5 PMM
2709,"Senior Manager, Marketing"
2710,TLM
2711,Product Group Leader
2712,IC-9
2713,Product
2714,PSG 17
2715,L31
2716,Associate Full Stack Engineer
2717,Senior design engineer
2718,Tech 7
2719,"R&D Engineer, Sr II"
2720,r10
2721,L?
2722,E10
2723,Z3
2724,E3F
2725,Product Architect
2726,C09
2727,l10
2728,SSE-1
2729,System analyst
2730,410
2731,l63
2732,Software Engineer Lead
2733,ZP3
2734,Chief Programmer
2735,Senior engineer 3
2736,Regular Software Engineer
2737,T03
2738,LPB2
2739,na
2740,DS2
2741,Engineer III / Band 30
2742,Marketing Specialist
2743,EG12
2744,10P
2745,Senior software developer platform 2
2746,i6
2747,Software Engeneer 2
2748,MT
2749,Employee
2750,L5 Program Manager
2751,"mid level, L5, SDE II"
2752,2D
2753,TI05
2754,Application Development Senior Analyst
2755,Analyst L3
2756,Individual Contributor
2757,S02
2758,SSE-2
2759,MLE II
2760,B40
2761,E4 Software Engineer
2762,T09
2763,Product mar
2764,lead consultant
2765,Developer 1
2766,E-70
2767,RIV-5
2768,E-60
2769,E-50
2770,Computer Scientist
2771,Software Engineer L3
2772,MR3
2773,SDE-II
2774,No level
2775,Level-1
2776,Sales
2777,Design 3
2778,6.2
2779,Senior Product Designer 2
2780,P03
2781,RIV-6
2782,1E
2783,4a
2784,L6 TPM
2785,Computer Scientist - 1
2786,Principal Database Administrator
2787,PM III
2788,Lead Engineer L1
2789,P106
2790,Sofware Engineer II
2791,Am
2792,Band6
2793,"Software Engineer, Senior A"
2794,SE7 - SE8 (Specialist/Expert)
2795,Sr. Product Manager 2
2796,Band 7B
2797,Program Manager 2
2798,Silicon Design Engineer 2
2799,P-1
2800,T05
2801,Product Designer 2
2802,Zen3
2803,L5 Marketing
2804,L5 Product Growth Analyst
2805,Senior Software Egineer
2806,Devops Engineer
2807,Technical Principal
2808,C05
2809,"Management 3, Manager"
2810,Senior Design Specialist
2811,Sde 3
2812,SG 10
2813,Senior Staff Engineer/Manager
2814,Startup
2815,IN5
2816,L7A
2817,ECDP
2818,i-9
2819,sr staff
2820,Associate SWE
2821,mts1
2822,Sr Software Eng
2823,SSE1
2824,LEAD
2825,Sr. Staff SWE
2826,Sr. SWE II
2827,Technology Lead
2828,Manager/Specialist
2829,Senior SoftwareEngineer
2830,4A
2831,Staff EM
2832,End Senior Consultant
2833,Full Stack Developer III
2834,Senior Professional I
2835,Sr SE I
2836,PL10
2837,entry level software engineer
2838,AC2
2839,Senior engineering Manager
2840,admissions grade
2841,Sr 2
2842,SW3
2843,SWEI
2844,Solution Manager
2845,GR27
2846,Senior Frontend software engineer
2847,band 9
2848,M20
2849,SE7
2850,Stuff
2851,DTLP
2852,Level OO9
2853,Associate PM
2854,6C
2855,"Manager, Software Engineering"
2856,Associate product manager
2857,Co-op
2858,Professional Band
2859,Lead Analyst
2860,Sr. Full Stack Developer
2861,B2TE10
2862,Associate Technical Project Manager
2863,MP40
2864,Lowest Level
2865,XIN-s 2
2866,Grade 130
2867,PSE
2868,GSR5
2869,Product Manager - Grade 7
2870,Level 27
2871,SA
2872,CG 45
2873,9T
2874,JG10
2875,T07
2876,SG 7
2877,Senior Quantitative Analyst
2878,Senior Principal Eng
2879,associate senior
2880,Application Developer Apprentice
2881,SDE -1
2882,TR4
2883,Technical Staff
2884,Principal Eoftware Engineering
2885,data scientist
2886,Decision Science Analyst 1
2887,Job Stage 7
2888,Principal Solution Architect
2889,Principal Marketing Specialist
2890,3 years as a dev
2891,PG7
2892,A4
2893,Sr. Principal Engineer / SW Architect
2894,6.3
2895,TL2
2896,Advisory Product Manager
2897,Software Development Engineer III
2898,Cloud Engineer
2899,Slave no number
2900,Principle Lead Software Engineer
2901,108
2902,Senior SE
2903,T60
2904,SW2
2905,DS 2
2906,TPM III
2907,CL-24
2908,Senior Scientist
2909,Early
2910,Mgmt 3
2911,Software Senior Engineer
2912,TPM 1
2913,Data Scientist L8
2914,10 Specialist
2915,ASSISTANT VICE PRESIDENT
2916,Proficient
2917,Senior software engineer II
2918,M1C
2919,Senior software engineer 1
2920,SWE4
2921,p40
2922,Lead Member Of Technical Staff
2923,Grade 140
2924,Technical Program Manager
2925,Senior Solutions Specialist
2926,MTSII
2927,Lead Data Engineer
2928,Software Engineer 2A
2929,C3Y
2930,ZP4
2931,Sr. 1
2932,Software design engineer
2933,Software Engineer Intern
2934,L3 software engineer
2935,Eng 2
2936,CL6
2937,TR6
2938,MGR_1
2939,JG5
2940,33
2941,專員
2942,26E
2943,E06
2944,TESLA
2945,Sr2
2946,E7.5
2947,Engineer Staff 2
2948,65 (Engineer II)
2949,G33
2950,Senior bios engineer
2951,G32
2952,27E
2953,GGS9
2954,Support 3
2955,Mechanical Engineer II
2956,E7.78
2957,P10
2958,Technology Executive
2959,GGS8
2960,Senior Backend Engineer
2961,3e
2962,BAND 7
2963,R&D 2 - Software
2964,T-24
2965,5/11
2966,8R
2967,6 YEARS
2968,SRE3
2969,L54
2970,Band8
2971,Technical Fellow
2972,10R
2973,33T
2974,Software Engineer Senior
2975,SE ll
2976,T4.2
2977,L7 sales
2978,Application Architect
2979,Expert engineer
2980,Marketing
2981,PRF5
2982,CL26
2983,TS03
2984,p1
2985,Software Engineering Intern
2986,ENG20
2987,Software Development Specialist
2988,Grade 17
2989,P20
2990,IN-3
2991,Solution Consultant
2992,Senior Interaction Designer
2993,T3 -2
2994,Band 3
2995,E3G
2996,EM1
2997,Job grade 5
2998,Senior SW Developer
2999,32T
3000,TECHNICAL MANAGER
3001,Medior Software Engineer
3002,E03
3003,Principal (IC4)
3004,Gr8
3005,App Dev 1
3006,Sr. Application Analyst
3007,LTMS
3008,EVP
3009,Individual Step
3010,SDE3(L6)
3011,Mid?
3012,SRE Lead 5
3013,Engineer Manager I (L5)
3014,grade 6
3015,Sr UX Researcher 4
3016,Jr. Software Engineer
3017,SWE III T4
3018,L08 Sr Engineer
3019,Eng 1
3020,M65
3021,L6 (Staff)
3022,Mts 1
3023,Bioinformatics Scientist II
